id,name,datetime,department_id,job_id
1,juan manuel,2021-01-01T00:00:00Z,2,3
2,juan manuel,2021-01-01T00:00:00Z,2,3
3,juan manuel,2021-02-01T00:00:00Z,1,2
4,juan manuel,2021-03-01T00:00:00Z,1,2
5,juan manuel,2021-03-01T00:00:00Z,1,2
6,juan manuel,2021-05-01T00:00:00Z,1,2
7,juan manuel,2021-06-01T00:00:00Z,1,2
8,juan manuel,2021-07-01T00:00:00Z,1,2
9,juan manuel,2021-08-01T00:00:00Z,1,2
10,juan manuel,2021-08-01T00:00:00Z,3,1
11,juan manuel,2021-08-01T00:00:00Z,3,1
12,juan manuel,2021-09-01T00:00:00Z,3,1
13,juan manuel,2021-09-01T00:00:00Z,3,1
14,juan manuel,2021-09-01T00:00:00Z,3,1
15,juan manuel,2021-09-01T00:00:00Z,3,1
16,juan manuel,2021-10-01T00:00:00Z,3,1
17,juan manuel,2021-10-01T00:00:00Z,3,1
18,juan manuel,2021-10-01T00:00:00Z,3,1
19,juan manuel,2021-10-01T00:00:00Z,4,2
20,juan manuel,2021-11-01T00:00:00Z,4,2
21,juan manuel,2021-11-01T00:00:00Z,4,2
22,juan manuel,2021-11-01T00:00:00Z,4,2
23,juan manuel,2021-12-01T00:00:00Z,4,2
24,juan manuel,2021-12-01T00:00:00Z,4,1
25,juan manuel,2021-12-01T00:00:00Z,4,1
26,juan manuel,2021-12-01T00:00:00Z,4,1
27,juan manuel,2021-12-01T00:00:00Z,4,1
